{
  "n_estimators": 343,
  "learning_rate": 0.01393535821683203,
  "max_depth": 2,
  "num_leaves": 28,
  "min_child_samples": 25,
  "reg_alpha": 0.005476209121272335,
  "reg_lambda": 0.13284198397750313,
  "subsample": 0.5452279830600436,
  "colsample_bytree": 0.7791391685741397
}