{
  "n_estimators": 79,
  "learning_rate": 0.06100772956858175,
  "max_depth": 2,
  "num_leaves": 29,
  "min_child_samples": 14,
  "reg_alpha": 1.7745530129871765,
  "reg_lambda": 0.3332526089609531,
  "subsample": 0.6930936017210633,
  "colsample_bytree": 0.5076716610633979
}