{
  "iterations": 198,
  "learning_rate": 0.019920433533238663,
  "depth": 2,
  "l2_leaf_reg": 1.3222111346940384,
  "subsample": 0.9524826120409051,
  "colsample_bylevel": 0.9435790452259043,
  "min_data_in_leaf": 12
}