{
  "max_iter": 126,
  "learning_rate": 0.05391974280528032,
  "max_depth": 2,
  "min_samples_leaf": 30,
  "l2_regularization": 1.530954802785235
}