{
  "max_iter": 279,
  "learning_rate": 0.012967143740165988,
  "max_depth": 3,
  "min_samples_leaf": 21,
  "l2_regularization": 0.1406045402959529
}