{
  "max_iter": 269,
  "learning_rate": 0.01629796572782282,
  "max_depth": 2,
  "min_samples_leaf": 29,
  "l2_regularization": 6.50855392630511
}