{
  "n_estimators": 242,
  "learning_rate": 0.012069209066105702,
  "max_depth": 2,
  "min_child_weight": 12,
  "gamma": 0.31057242125069445,
  "reg_alpha": 0.5340507888389742,
  "reg_lambda": 0.12643750401693057,
  "subsample": 0.6276210674512515,
  "colsample_bytree": 0.7477727334730042
}