{
  "max_iter": 294,
  "learning_rate": 0.01277315943405165,
  "max_depth": 3,
  "min_samples_leaf": 14,
  "l2_regularization": 0.16631188842988348
}