{
  "n_estimators": 139,
  "learning_rate": 0.054216188937816705,
  "max_depth": 3,
  "min_child_weight": 12,
  "gamma": 0.631583480296018,
  "reg_alpha": 1.378139452626919,
  "reg_lambda": 6.193474177943378,
  "subsample": 0.5513080288029708,
  "colsample_bytree": 0.5631553980363018
}