{
  "iterations": 244,
  "learning_rate": 0.014782395696537986,
  "depth": 4,
  "l2_leaf_reg": 9.133912378260037,
  "subsample": 0.5803575046369015,
  "colsample_bylevel": 0.5932319340190555,
  "min_data_in_leaf": 16
}