{
  "iterations": 144,
  "learning_rate": 0.053044420743863875,
  "depth": 2,
  "l2_leaf_reg": 6.2039098471647005,
  "subsample": 0.6455357855519782,
  "colsample_bylevel": 0.8528998190946434,
  "min_data_in_leaf": 20
}