{
  "max_iter": 74,
  "learning_rate": 0.05289049672383247,
  "max_depth": 2,
  "min_samples_leaf": 24,
  "l2_regularization": 0.317163972230804
}