{
  "max_iter": 92,
  "learning_rate": 0.03822726574649208,
  "max_depth": 2,
  "min_samples_leaf": 28,
  "l2_regularization": 0.3939675937754722
}