{
  "iterations": 223,
  "learning_rate": 0.018712024324108064,
  "depth": 5,
  "l2_leaf_reg": 3.4295180113362407,
  "subsample": 0.5709488397261848,
  "colsample_bylevel": 0.86719553329466,
  "min_data_in_leaf": 24
}