{
  "n_estimators": 266,
  "learning_rate": 0.011845918370828957,
  "max_depth": 4,
  "num_leaves": 20,
  "min_child_samples": 16,
  "reg_alpha": 0.35848670822740003,
  "reg_lambda": 0.18291001066138676,
  "subsample": 0.5489293986425517,
  "colsample_bytree": 0.6767571392883149
}