{
  "M": {
    "winner": "logreg",
    "brier_lgbm": 0.19194265110847902,
    "brier_logreg": 0.1881568292880762,
    "brier_selected": 0.1881568292880762
  },
  "W": {
    "winner": "logreg",
    "brier_lgbm": 0.14890201826322494,
    "brier_logreg": 0.14666157966476656,
    "brier_selected": 0.14666157966476656
  }
}